area_name,restaurant_name,rating,total_reviews,delivery_fee
Gulshan 2 Circle,Pagla Baburchi - Banani,4.9,(5000+),From Tk31 with Saver
Gulshan 2 Circle,Dine A Chaap - Gulshan,4.2,(100+),From Tk34 with Saver
Gulshan 2 Circle,Baan Busaba,4.7,(100+),From Tk28 with Saver
Gulshan 2 Circle,Pizzaburg - Gulshan,4.7,(10000+),From Tk38 with Saver
Gulshan 2 Circle,Delhi 6 - Gulshan,4.2,(1000+),From Tk34 with Saver
Gulshan 2 Circle,Lueur Bakery - Banani,4.7,(100+),From Tk31 with Saver
Gulshan 2 Circle,G.O.A.T,4.9,(500+),From Tk31 with Saver
Gulshan 2 Circle,The Cloud Courtyard,,,From Tk38 with Saver
Gulshan 2 Circle,Doner's,4.7,(100+),From Tk31 with Saver
Gulshan 2 Circle,Nibi Food Queen,,,From Tk41 with Saver
Gulshan 2 Circle,Kacchi Bhai - Gulshan,4.7,(30000+),From Tk28 with Saver
Gulshan 2 Circle,KFC RM Centre,4.9,(15000+),From Tk31 with Saver
Gulshan 2 Circle,Sultan's Dine - Gulshan,4.8,(30000+),From Tk28 with Saver
Gulshan 2 Circle,Burger Xpress - Banani,4.9,(25000+),From Tk31 with Saver
Gulshan 2 Circle,Chillox - Banani,4.8,(10000+),From Tk31 with Saver
Gulshan 2 Circle,Best Fried Chicken (BFC) - Gulshan,4.9,(15000+),From Tk28 with Saver
Gulshan 2 Circle,American Burger Gulshan 2,4.9,(4000+),From Tk28 with Saver
Gulshan 2 Circle,Takeout - Banani,4.9,(20000+),From Tk31 with Saver
Gulshan 2 Circle,Star Kabab - Banani (Kabab Only),4.8,(5000+),From Tk34 with Saver
Gulshan 2 Circle,Tehari Ghar - Gulshan,4.9,(35000+),From Tk38 with Saver
Gulshan 2 Circle,Glazed - Gulshan,4.9,(5000+),From Tk28 with Saver
Gulshan 2 Circle,Herfy - Banani,4.9,(5000+),From Tk34 with Saver
Gulshan 2 Circle,Shiraj Chui Gosto - Banani,4.7,(5000+),From Tk34 with Saver
Gulshan 2 Circle,Chicken Buzz - Gulshan,4.8,(3000+),From Tk38 with Saver
Gulshan 2 Circle,Al Kareem Restaurant,4.8,(10000+),From Tk34 with Saver
Gulshan 2 Circle,Shawarma House - Banani,4.8,(5000+),From Tk31 with Saver
Gulshan 2 Circle,Holey Bakery,5,(10000+),From Tk28 with Saver
Gulshan 2 Circle,Madchef - Banani,4.8,(15000+),From Tk31 with Saver
Gulshan 2 Circle,Cheez - Banani,4.9,(5000+),From Tk31 with Saver
Gulshan 2 Circle,Smashed Burgers - Gulshan 1,4.9,(5000+),From Tk41 with Saver
Gulshan 2 Circle,Boomers Cafe - Banani,4.9,(5000+),From Tk34 with Saver
Gulshan 2 Circle,Teheriwala - Banani,4.6,(2000+),From Tk31 with Saver
Gulshan 2 Circle,Tiffinbox - Gulshan 2,4.7,(4000+),From Tk28 with Saver
Gulshan 2 Circle,Hakka Dhaka - Banani,4.9,(5000+),From Tk31 with Saver
Gulshan 2 Circle,Premium Sweets- Gulshan 2,4.9,(3000+),From Tk28 with Saver
Gulshan 2 Circle,House of Tehari,4.8,(4000+),From Tk31 with Saver
Gulshan 2 Circle,Bella Italia - Gulshan,4.9,(5000+),From Tk31 with Saver
Gulshan 2 Circle,Ghoroa Hotel and Restaurant - Mohakhali,4.7,(25000+),From Tk38 with Saver
Gulshan 2 Circle,Panda Dumplings,4.9,(3000+),From Tk31 with Saver
Gulshan 2 Circle,Star Kabab & Restaurant - Banani,4.9,(10000+),From Tk34 with Saver
Gulshan 2 Circle,Peyari Tehari - Gulshan 1,4.6,(1000+),From Tk34 with Saver
Gulshan 2 Circle,Galito's - Gulshan 2,4.9,(3000+),From Tk31 with Saver
Gulshan 2 Circle,Shumi's Hot Cake - Gulshan 2,4.9,(1000+),From Tk28 with Saver
Gulshan 2 Circle,Golden Pizza - Mohakhali,4.9,(2000+),From Tk38 with Saver
Gulshan 2 Circle,Tokyo Kitchen,4.8,(3000+),From Tk38 with Saver
Gulshan 2 Circle,NORTH END Coffee Roasters - CONCORD BAKSH TOWER,5,(3000+),From Tk28 with Saver
Gulshan 2 Circle,Bhagyakul Mistanna Bhander - Gulshan 2,4.9,(500+),From Tk28 with Saver
Gulshan 2 Circle,Ma Biryani - Gulshan,4,(1000+),From Tk28 with Saver
Gulshan 2 Circle,Durum (Turkish Doner),4.9,(5000+),From Tk34 with Saver
Gulshan 2 Circle,Tastebud Banani,4.9,(5000+),From Tk31 with Saver
Gulshan 2 Circle,Secret Recipe Gulshan-2 Flagship,4.8,(3000+),From Tk28 with Saver
Gulshan 2 Circle,TOUM - Gulshan,4.8,(4000+),From Tk38 with Saver
Gulshan 2 Circle,Thai Emerald - Gulshan,4.9,(4000+),From Tk38 with Saver
Gulshan 2 Circle,Halab Restaurant,4.8,(500+),From Tk28 with Saver
Gulshan 2 Circle,VIP Shad Fuchka & Chotpoti,4.7,(2000+),From Tk28 with Saver
Gulshan 2 Circle,Special Bhai Bhai Biriyani House,4.1,(1000+),From Tk34 with Saver
Gulshan 2 Circle,Paragon Momo - Gulshan 2,4.9,(100+),From Tk28 with Saver
Gulshan 2 Circle,Bhorta Express- Gulshan,4.2,(3000+),Tk54
Gulshan 2 Circle,Brio: Italian Restaurant,5,(500+),From Tk28 with Saver
Gulshan 2 Circle,Burger King Gulshan 2,4.9,(10000+),From Tk28 with Saver
Gulshan 2 Circle,Pizza Hut Gulshan 2,4.9,(2000+),From Tk28 with Saver
Gulshan 2 Circle,Salad Flexi,4.9,(1000+),From Tk38 with Saver
Gulshan 2 Circle,Sushi On The Go - Gulshan,4.8,(100+),From Tk38 with Saver
Gulshan 2 Circle,Suruchi Khabar Ghor - Gulshan 2,4.7,(100+),From Tk28 with Saver
Gulshan 2 Circle,Tehari Baba,4.7,(2000+),From Tk31 with Saver
Gulshan 2 Circle,Nayan Biryani House - Gudaraghat,4.8,(4000+),From Tk38 with Saver
Gulshan 2 Circle,Pulp Fiction - Banani,4.9,(100+),From Tk31 with Saver
Gulshan 2 Circle,Waffle Up,5,(5000+),From Tk31 with Saver
Gulshan 2 Circle,Uncle Bobo's,4.9,(1000+),From Tk31 with Saver
Gulshan 2 Circle,Pizza Dine,4.3,(2000+),From Tk34 with Saver
Gulshan 2 Circle,Boss Sweets - Gulshan,4.9,(1000+),From Tk28 with Saver
Gulshan 2 Circle,Nobabi Voj Restaurant & Catering Service,4.6,(5000+),From Tk38 with Saver
Gulshan 2 Circle,Lunch Mafia - Gulshan,4.3,(3000+),From Tk34 with Saver
Gulshan 2 Circle,Naval Point - Gulshan,4.8,(100+),From Tk28 with Saver
Gulshan 2 Circle,Burger Mania - Gulshan,4.8,(5000+),From Tk38 with Saver
Gulshan 2 Circle,Helvetia - Banani,4.8,(100+),From Tk31 with Saver
Gulshan 2 Circle,Mezzan Haile Aaiun - Banani,4.6,(1000+),From Tk31 with Saver
Gulshan 2 Circle,KOI Thé Gulshan,5,(100+),From Tk31 with Saver
Gulshan 2 Circle,AArash,4.8,(1000+),From Tk38 with Saver
Gulshan 2 Circle,Chatime - Gulshan 2,4.8,(100+),From Tk31 with Saver
Gulshan 2 Circle,Chamichi - Banani,4.9,(1000+),From Tk31 with Saver
Gulshan 2 Circle,Bismillah Restaurant & Catering - 1,3.7,(1000+),From Tk28 with Saver
Gulshan 2 Circle,Cooper's- Gulshan 2,4.9,(1000+),From Tk28 with Saver
Gulshan 2 Circle,Almajlis Arabian Restaurant,4.9,(100+),From Tk28 with Saver
Gulshan 2 Circle,Tehari On the Go - Gulshan,4.2,(3000+),From Tk34 with Saver
Gulshan 2 Circle,Bhorta Click,4.8,(5000+),Tk54
Gulshan 2 Circle,Time Out Banani,4.9,(3000+),From Tk31 with Saver
Gulshan 2 Circle,Rice Lab - Gulshan,4.5,(500+),From Tk38 with Saver
Gulshan 2 Circle,Molla Bhorta House - Gulshan,4.4,(2000+),Tk54
Gulshan 2 Circle,Happy Potato Bangladesh - Gulshan 2,4.5,(100+),From Tk28 with Saver
Gulshan 2 Circle,Roll Xpress Cafe,4.8,(1000+),From Tk34 with Saver
Gulshan 2 Circle,Pizza Heist- Gulshan,4.5,(500+),From Tk41 with Saver
Gulshan 2 Circle,Anu's Kitchen,4.6,(500+),Tk54
Gulshan 2 Circle,Bhagyakul Kacchi Ghor - Gulshan,4.6,(92),From Tk28 with Saver
Gulshan 2 Circle,Rosh - Gulshan 2,4.9,(500+),From Tk28 with Saver
Gulshan 2 Circle,Khichuriwala,4.9,(500+),From Tk31 with Saver
Gulshan 2 Circle,Rabbit Bites - Gulshan,4.9,(500+),From Tk28 with Saver
Gulshan 2 Circle,King’s Confectionery - Gulshan-2,4.9,(100+),From Tk28 with Saver
Gulshan 2 Circle,Siyam Biryani House,3.2,(4000+),From Tk38 with Saver
Gulshan 2 Circle,Cha Chai,4.7,(3000+),From Tk31 with Saver
Gulshan 2 Circle,Al Nur Biryani House,3.3,(2000+),From Tk41 with Saver
Gulshan 2 Circle,Crisp - Chef's Table Gulshan 2,4.8,(1000+),From Tk28 with Saver
Gulshan 2 Circle,Dibbles - Gulshan,4.8,(100+),From Tk38 with Saver
Gulshan 2 Circle,Cha & Chill - Shahajadpur,4.4,(39),From Tk31 with Saver
Gulshan 2 Circle,BACHELOR'S EXPRESS,4.8,(100+),From Tk28 with Saver
Gulshan 2 Circle,Binni Restaurant,4.4,(2000+),From Tk38 with Saver
Gulshan 2 Circle,Kimbap House By Koreana Restaurant,5,(1000+),From Tk34 with Saver
Gulshan 2 Circle,Sausly's Foods - Zahed Plaza,4.8,(2000+),From Tk28 with Saver
Gulshan 2 Circle,Dekchi,4.6,(2000+),From Tk38 with Saver
Gulshan 2 Circle,Sub Lovers - Banani,4.8,(500+),From Tk34 with Saver
Gulshan 2 Circle,Star Bakery - Banani,4.9,(1000+),From Tk34 with Saver
Gulshan 2 Circle,Kung Pao - Gulshan,4.7,(2000+),From Tk34 with Saver
Gulshan 2 Circle,Hiroshi Ramen,4.9,(100+),From Tk28 with Saver
Gulshan 2 Circle,Dear Dhaka,4.8,(1000+),Tk59
Gulshan 2 Circle,Shang High,4.7,(500+),From Tk34 with Saver
Gulshan 2 Circle,Menjar BD,4.8,(100+),From Tk38 with Saver
Gulshan 2 Circle,Charleys,4.4,(3000+),Tk49
Gulshan 2 Circle,Muslim Biryani House,3.3,(1000+),From Tk28 with Saver
Gulshan 2 Circle,Rice on Fire,4.3,(500+),From Tk41 with Saver
Gulshan 2 Circle,Mezbaan Dine - Gulshan,4.8,(1000+),From Tk38 with Saver
Gulshan 2 Circle,Bheja Fry - Gulshan,4.5,(80),From Tk38 with Saver
Gulshan 2 Circle,Well Food - Gulshan 02,5,(2000+),From Tk28 with Saver
Gulshan 2 Circle,Kudos - Badda,4.5,(500+),From Tk45 with Saver
Gulshan 2 Circle,Barcode Cafe - Banani,4.7,(2000+),From Tk31 with Saver
Gulshan 2 Circle,Kustary Orchid - Gulshan,4.6,(500+),From Tk38 with Saver
Gulshan 2 Circle,Teheri Ghor (Gulshan-1),4.3,(48),From Tk38 with Saver
Gulshan 2 Circle,Soi 71 - Gulshan,4.9,(1000+),From Tk28 with Saver
Gulshan 2 Circle,Chaap Ghor - Banani,4.5,(100+),From Tk31 with Saver
Gulshan 2 Circle,Shawarma Sheikh - Gulshan,4.3,(100+),From Tk31 with Saver
Gulshan 2 Circle,Bread & Beyond - Banani UAE Moitry Complex,4.8,(100+),From Tk34 with Saver
Gulshan 2 Circle,Alfresco-Banani,4.8,(4000+),From Tk34 with Saver
Gulshan 2 Circle,Handi - Gulshan,4.7,(3000+),From Tk31 with Saver
Gulshan 2 Circle,The Red Chamber,5,(2000+),From Tk28 with Saver
Gulshan 2 Circle,Chows,4.8,(1000+),From Tk31 with Saver
Gulshan 2 Circle,Beauty Lassi & Faluda (Since 1922),4.6,(1000+),From Tk38 with Saver
Gulshan 2 Circle,Pizza Inn - Gulshan,4.5,(2000+),From Tk34 with Saver
Gulshan 2 Circle,Minis Dutch Pancakes,4.9,(500+),From Tk31 with Saver
Gulshan 2 Circle,Arax,4.8,(4000+),From Tk31 with Saver
Gulshan 2 Circle,Baburchi Express - Gulshan,4.1,(1000+),From Tk34 with Saver
Gulshan 2 Circle,Purnima Restaurant - Shahjadpur,4.7,(1000+),From Tk34 with Saver
Gulshan 2 Circle,Chui & Kacchi - Banani,4.8,(100+),From Tk34 with Saver
Gulshan 2 Circle,Tabaq Coffee DOHS Baridhara,4.9,(3000+),From Tk38 with Saver
Gulshan 2 Circle,Dumplings Haven,4.8,(100+),From Tk28 with Saver
Gulshan 2 Circle,Panshi Hotel & Restaurant,4.2,(3000+),From Tk38 with Saver
Gulshan 2 Circle,Dhaba Banani,4.5,(3000+),From Tk31 with Saver
Gulshan 2 Circle,Tokyo Express,4.9,(4000+),From Tk31 with Saver
Gulshan 2 Circle,Hungry Rooster,4.7,(1000+),From Tk31 with Saver
Gulshan 2 Circle,Meena Sweets - Banani,4.9,(500+),From Tk34 with Saver
Gulshan 2 Circle,Coffee And,4.7,(100+),From Tk31 with Saver
Gulshan 2 Circle,Blink,4.9,(100+),From Tk31 with Saver
Gulshan 2 Circle,New Dhansiri Biryani House,4.2,(1000+),From Tk34 with Saver
Gulshan 2 Circle,Kacchi Ghor - Gulshan 2,3.3,(84),From Tk28 with Saver
Gulshan 2 Circle,Patenga Point - Banani,4.8,(100+),From Tk31 with Saver
Gulshan 2 Circle,Wafi's Kitchen,4.4,(100+),From Tk45 with Saver
Gulshan 2 Circle,Haji Biryani- Gulshan 2,2.8,(500+),From Tk28 with Saver
Gulshan 2 Circle,Golpo - Manarat,4.8,(89),From Tk31 with Saver
Gulshan 2 Circle,Rice & Noodles,3.2,(500+),From Tk41 with Saver
Gulshan 2 Circle,Diggger - Badda,3.2,(500+),From Tk45 with Saver
Gulshan 2 Circle,Jackson's Fried Chicken - Gulshan,4.3,(3000+),From Tk38 with Saver
Gulshan 2 Circle,Sushi Samurai,4.9,(1000+),From Tk34 with Saver
Gulshan 2 Circle,Box Talks,4.6,(1000+),From Tk38 with Saver
Gulshan 2 Circle,Tasty Treat-Banani-11,4.9,(100+),From Tk31 with Saver
Gulshan 2 Circle,Taste of Lanka,4.8,(100+),From Tk28 with Saver
Gulshan 2 Circle,Lavender Food & Bakery - Elegant Tower,,,From Tk28 with Saver
Gulshan 2 Circle,Jhal Khelei Laal,4.5,(500+),From Tk41 with Saver
Gulshan 2 Circle,Hot Cottage,5,(100+),From Tk28 with Saver
Gulshan 2 Circle,Sky Dine Rooftop Restaurant,4.6,(2000+),From Tk41 with Saver
Gulshan 2 Circle,YARA - Gulshan,4.7,(100+),From Tk28 with Saver
Gulshan 2 Circle,The Mezbaan Lounge,4.8,(1000+),From Tk31 with Saver
Gulshan 2 Circle,Sufi House - Gulshan,4.9,(1000+),From Tk38 with Saver
Gulshan 2 Circle,Shawarma Damasco - Banani,4.6,(1000+),From Tk34 with Saver
Gulshan 2 Circle,Izakaya - Gulshan,4.9,(100+),From Tk28 with Saver
Gulshan 2 Circle,Wrap & Meat Box - Gulshan,4.7,(100+),From Tk38 with Saver
Gulshan 2 Circle,Rice & Chicken (Set Menu Deal),3.2,(1000+),From Tk41 with Saver
Gulshan 2 Circle,Nawab Chatga,4.7,(2000+),From Tk38 with Saver
Gulshan 2 Circle,Greens & Seeds - Chef's Table Gulshan 2,4.7,(1000+),From Tk28 with Saver
Gulshan 2 Circle,Taj Mahal Takeaway,4.9,(30),From Tk31 with Saver
Gulshan 2 Circle,Haji Biryani - Banani,4.5,(90),From Tk31 with Saver
Gulshan 2 Circle,Swade Bangladesh,4.8,(500+),From Tk31 with Saver
Gulshan 2 Circle,Papa Louie's Pizza Dhaka Bangladesh,4.1,(500+),From Tk38 with Saver
Gulshan 2 Circle,Big Q - Gulshan,4.9,(100+),From Tk38 with Saver
Gulshan 2 Circle,Matubber Briyani,4.2,(54),From Tk34 with Saver
Gulshan 2 Circle,Canton,4.9,(1000+),From Tk38 with Saver
Gulshan 2 Circle,Verde Pastry & Bakery,4.9,(500+),From Tk45 with Saver
Gulshan 2 Circle,Japanese Restaurant Takumi,5,(2000+),From Tk31 with Saver
Gulshan 2 Circle,Rowshanara Kitchen,4.6,(2000+),Tk54
Gulshan 2 Circle,Cake Town-Merul Badda,4.7,(100+),From Tk45 with Saver
Gulshan 2 Circle,Kustary Sultan - Gulshan,4.6,(100+),From Tk38 with Saver
Gulshan 2 Circle,Fools Diner,4.8,(3000+),From Tk31 with Saver
Gulshan 2 Circle,Donerci - Flaming Doner,4.5,(1000+),From Tk31 with Saver
Gulshan 2 Circle,AG Food- Mohakhali,4.9,(3000+),From Tk38 with Saver
Gulshan 2 Circle,Fryzo- Banani,4,(65),From Tk34 with Saver
Gulshan 2 Circle,Berlin Foods - Banani,4.1,(100+),From Tk34 with Saver
Gulshan 2 Circle,Wow Momo Foods - Banani,4.9,(37),From Tk38 with Saver
Gulshan 2 Circle,ZENZO,4.7,(100+),From Tk34 with Saver
Gulshan 2 Circle,Moja Korean Fusion Restaurant,5,(100+),From Tk28 with Saver
Gulshan 2 Circle,Puro Pastry & Bakery Gulshan-2,4.9,(100+),From Tk28 with Saver
Gulshan 2 Circle,Dream Burger - Gulshan,4.3,(100+),From Tk38 with Saver
Gulshan 2 Circle,Thanda Garam - Gulshan 2,4.9,(1000+),From Tk28 with Saver
Gulshan 2 Circle,Arrowhead Grill,4.6,(100+),From Tk34 with Saver
Gulshan 2 Circle,Clean Cravings - Banani,4.9,(500+),From Tk31 with Saver
Gulshan 2 Circle,Chilis Restaurant - Banani,4.8,(100+),From Tk31 with Saver
Gulshan 2 Circle,Le Delicia - Banani,4.8,(22),From Tk31 with Saver
Gulshan 2 Circle,Habiby's,4.8,(2000+),From Tk45 with Saver
Gulshan 2 Circle,Fries & Rice - Gulshan,4.6,(100+),From Tk38 with Saver
Gulshan 2 Circle,Utshob Sweets - Gulshan 2,3.3,(19),From Tk28 with Saver
Gulshan 2 Circle,Rice & Beyond,4.8,(1000+),From Tk31 with Saver
Gulshan 2 Circle,Smokie Patty Burger - Gulshan,4.7,(1000+),From Tk31 with Saver
Gulshan 2 Circle,Alfredough - Chef's Table Gulshan 2,4.9,(61),From Tk28 with Saver
Gulshan 2 Circle,CIAO,4.9,(100+),From Tk31 with Saver
Gulshan 2 Circle,Thai Signatures - Gulshan,4.7,(1000+),From Tk31 with Saver
Gulshan 2 Circle,The Aromatic Rice - Gulshan,4.4,(100+),From Tk38 with Saver
Gulshan 2 Circle,Fuchka Factory,4.5,(1000+),From Tk41 with Saver
Gulshan 2 Circle,The Great Kabab Factory - Gulshan,4.9,(500+),From Tk28 with Saver
Gulshan 2 Circle,Shawarma N Katiroll,4.8,(500+),From Tk31 with Saver
Gulshan 2 Circle,Happy Tea - Gulshan 2,4.9,(85),From Tk31 with Saver
Gulshan 2 Circle,New Shad Biriyani House - Mohakhali,3.3,(3000+),From Tk38 with Saver
Gulshan 2 Circle,New Cafe Bismillah Biryani House,2.5,(500+),From Tk41 with Saver
Gulshan 2 Circle,Ghoroa Khichuri,4.1,(100+),From Tk34 with Saver
Gulshan 2 Circle,Chunk- Gulshan 1,2.7,(100+),From Tk38 with Saver
Gulshan 2 Circle,Golden Pizza - Banani,,,From Tk34 with Saver
Gulshan 2 Circle,Istanbul Restaurant Dhaka,4.9,(100+),From Tk28 with Saver
Gulshan 2 Circle,So Juicy - Chef's Table Gulshan 2,4.9,(100+),From Tk28 with Saver
Gulshan 2 Circle,Jahan's Cooking,4.9,(1000+),Tk49
Gulshan 2 Circle,Tehari Ghor DCC market,3.4,(500+),From Tk28 with Saver
Gulshan 2 Circle,Jatra Biroti,4.8,(52),From Tk31 with Saver
Gulshan 2 Circle,Pizza Lover,4.1,(100+),From Tk38 with Saver
Gulshan 2 Circle,Wrap & Roll,4.6,(1000+),Tk49
Gulshan 2 Circle,Aaheli Kabab & Restaurant,4.8,(3000+),From Tk31 with Saver
Gulshan 2 Circle,Delifrance - Casablanca,4.9,(1000+),From Tk31 with Saver
Gulshan 2 Circle,Only Pasta,4.9,(100+),From Tk38 with Saver
Gulshan 2 Circle,Vaggokul Sweets and Bakery - Mohakhali,4.7,(500+),From Tk38 with Saver
Gulshan 2 Circle,Burgerography,4.7,(1000+),From Tk38 with Saver
Gulshan 2 Circle,Asian Bar-Be-Cue Restaurant,4.8,(5000+),From Tk38 with Saver
Gulshan 2 Circle,Uncle Sam's,4.7,(100+),From Tk28 with Saver
Gulshan 2 Circle,Utshob - Chef's Table Gulshan 2,4.8,(500+),From Tk28 with Saver
Gulshan 2 Circle,Pizza Glory,4.5,(100+),From Tk34 with Saver
Gulshan 2 Circle,Cp Five Star - Happy Food Corner - Shahjadpur,4.8,(100+),From Tk34 with Saver
Gulshan 2 Circle,Cinnabon - Banani,4.4,(500+),From Tk31 with Saver
Gulshan 2 Circle,Da One Cafe,4.8,(21),From Tk31 with Saver
Gulshan 2 Circle,Absolute Korean,4.8,(500+),From Tk28 with Saver
Gulshan 2 Circle,King's Kabab And Restaurant - Niketon,4.7,(5000+),From Tk41 with Saver
Gulshan 2 Circle,Crave Fire,4.2,(82),From Tk45 with Saver
Gulshan 2 Circle,Arabika Coffee – Gulshan Anabil Tower,4.8,(74),From Tk28 with Saver
Gulshan 2 Circle,The Grove Bistro,4.8,(1000+),From Tk28 with Saver
Gulshan 2 Circle,Lunchwala- Gulshan,4.2,(5000+),From Tk38 with Saver
Gulshan 2 Circle,Bengal Meat Deli - Gulshan 1,4.9,(1000+),From Tk41 with Saver
Gulshan 2 Circle,Rustic Eatery-Banani,4.6,(500+),From Tk34 with Saver
Gulshan 2 Circle,SWAD,4.7,(100+),From Tk34 with Saver
Gulshan 2 Circle,Ledor- Gulshan-2,4.9,(100+),From Tk31 with Saver
Gulshan 2 Circle,Tehari Box,4.6,(100+),Tk59
Gulshan 2 Circle,Natural food,4.7,(96),Tk59
Gulshan 2 Circle,New Nanna Biryani House - Mohakhali,2.8,(1000+),From Tk38 with Saver
Gulshan 2 Circle,New King Kitchen,3.8,(29),From Tk28 with Saver
Gulshan 2 Circle,Whatta Bowl - Gulshan,4.4,(3000+),From Tk38 with Saver
Gulshan 2 Circle,Umai,4.9,(1000+),From Tk28 with Saver
Gulshan 2 Circle,Dessert Boutique by Nadia Lakhani,4.8,(100+),From Tk31 with Saver
Gulshan 2 Circle,Bee's Kitchen,4.5,(52),From Tk31 with Saver
Gulshan 2 Circle,Radhamadhob Prosadaloy,5,(52),Tk54
Gulshan 2 Circle,Pizza Roma,4.9,(3000+),From Tk34 with Saver
Gulshan 2 Circle,Kasturi Restaurant,4.8,(32),From Tk41 with Saver
Gulshan 2 Circle,The Coffee Lounge - Gulshan,4.9,(100+),From Tk31 with Saver
Gulshan 2 Circle,Kiyoshi,4.9,(1000+),From Tk38 with Saver
Gulshan 2 Circle,Fuchka Bhai,4.7,(3000+),From Tk31 with Saver
Gulshan 2 Circle,Tehari Xpress,4.1,(100+),Tk49
Gulshan 2 Circle,GB Bites - Gulshan,4.3,(19),From Tk38 with Saver
Gulshan 2 Circle,L’eto-Gulshan Avenue,4.9,(500+),From Tk34 with Saver
Gulshan 2 Circle,Sokal Sandha Biryani House,4.3,(79),From Tk38 with Saver
Gulshan 2 Circle,Luscious Food,4.4,(100+),Tk59
Gulshan 2 Circle,Hardee's Snacks,3.6,(500+),From Tk38 with Saver
Gulshan 2 Circle,Bao,4.8,(2000+),From Tk34 with Saver
Gulshan 2 Circle,Terracotta Tales,4.9,(500+),From Tk45 with Saver
Gulshan 2 Circle,Juice Land - Gulshan,4.7,(100+),From Tk28 with Saver
Gulshan 2 Circle,Turkish Adana Kebab & Restaurant,4.7,(1000+),From Tk31 with Saver
Gulshan 2 Circle,Bismillah Kitchen - Gulshan,3.6,(500+),From Tk28 with Saver
Gulshan 2 Circle,Runcha - CTC,3.8,(7),From Tk59 with Saver
Gulshan 2 Circle,Cranky’s,4.7,(100+),Tk54
Gulshan 2 Circle,Ranna Ghor Express,2.8,(100+),Tk59
Gulshan 2 Circle,Moolicious,4.9,(1000+),From Tk31 with Saver
Gulshan 2 Circle,Brownie Hut - Banani,4.2,(7),Tk54
Gulshan 2 Circle,Rayhan Biryani House,4.3,(500+),From Tk34 with Saver
Gulshan 2 Circle,BhojBangla,4.5,(500+),Tk54
Gulshan 2 Circle,Gotcha - Art of Tea - Banani,4.9,(22),From Tk34 with Saver
Gulshan 2 Circle,The Dumpling Hut- Banani,4.5,(100+),From Tk38 with Saver
Gulshan 2 Circle,Movenpick - Banani,4.9,(62),From Tk31 with Saver
Gulshan 2 Circle,The Local Coffee,4.9,(99),From Tk34 with Saver
Gulshan 2 Circle,KIVA HAN Bistro,4.8,(2000+),From Tk34 with Saver
Gulshan 2 Circle,Cocojoy,4.9,(100+),From Tk34 with Saver
Gulshan 2 Circle,Al Amar Lebanese Cuisine - Gulshan,4.8,(100+),From Tk31 with Saver
Gulshan 2 Circle,Issa Wrap,4.8,(100+),From Tk38 with Saver
Gulshan 2 Circle,Fries & More - Gulshan,3.8,(5000+),From Tk38 with Saver
Gulshan 2 Circle,Mithai- Baridhara,4.7,(100+),From Tk34 with Saver
Gulshan 2 Circle,The Bashmoti Kacchi Ghor,3,(24),From Tk38 with Saver
Gulshan 2 Circle,Khazana Mithai- Gulshan 2,4.9,(100+),From Tk28 with Saver
Gulshan 2 Circle,Umami Bowl,4.1,(62),From Tk34 with Saver
Gulshan 2 Circle,Biryani On Bowls - Gulshan,4.2,(71),From Tk38 with Saver
Gulshan 2 Circle,Awake Coffee Roasters - Banani,4.7,(100+),From Tk31 with Saver
Gulshan 2 Circle,Rice Box,3.4,(100+),Tk59
Gulshan 2 Circle,Cheong Shing Chinese Restaurant,4.8,(1000+),From Tk31 with Saver
Gulshan 2 Circle,Grounds Coffee Factory,4.9,(100+),From Tk28 with Saver
Gulshan 2 Circle,Bistro E,4.9,(500+),From Tk28 with Saver
Gulshan 2 Circle,Meat Story - Banani,4.4,(34),From Tk34 with Saver
Gulshan 2 Circle,Fry Bucket- Baridhara,4.9,(500+),From Tk38 with Saver
Gulshan 2 Circle,Thai Bistro - Gulshan 2,4.5,(500+),From Tk31 with Saver
Gulshan 2 Circle,Travel East - Banani,4.9,(100+),From Tk31 with Saver
Gulshan 2 Circle,Dosa Express - Tejgaon,4.4,(100+),From Tk45 with Saver
Gulshan 2 Circle,Cake Storys - Nadda,4.7,(100+),From Tk38 with Saver
Gulshan 2 Circle,Jhawbon Classic Restaurant,4.6,(100+),From Tk45 with Saver
Gulshan 2 Circle,Happy Tea,4.8,(100+),From Tk34 with Saver
Gulshan 2 Circle,Cafe Sao Paulo - Gulshan,4.9,(100+),From Tk31 with Saver
Gulshan 2 Circle,Degh,4.8,(500+),Tk49
Gulshan 2 Circle,Mooggi Mama - Gulshan 1,4.4,(57),From Tk41 with Saver
Gulshan 2 Circle,Kona Cafe,4.8,(500+),From Tk28 with Saver
Gulshan 2 Circle,Love Triangle,4.8,(500+),From Tk38 with Saver
Gulshan 2 Circle,Taste of Korea,4.9,(500+),From Tk38 with Saver
Gulshan 2 Circle,RADHUNI Sub Lovers,4.2,(10),From Tk41 with Saver
Gulshan 2 Circle,LUNA,3.3,(59),From Tk34 with Saver
Gulshan 2 Circle,Grill Theory,4.5,(47),From Tk31 with Saver
Gulshan 2 Circle,TFC - Tokyo Fried Chicken,3.1,(100+),From Tk41 with Saver
Gulshan 2 Circle,Bowls Spot,3.8,(100+),From Tk31 with Saver
Gulshan 2 Circle,Cafe CAF,4.9,(1000+),From Tk34 with Saver
Gulshan 2 Circle,Turkey Bliss,4.7,(53),From Tk34 with Saver
Gulshan 2 Circle,Gulshan Food Corner,1.5,(5),From Tk38 with Saver
Gulshan 2 Circle,The Chocolate Room- Gulshan 2,3.9,(100+),From Tk28 with Saver
Gulshan 2 Circle,Slaw Bistro,4.9,(100+),From Tk45 with Saver
Gulshan 2 Circle,Rajbhog Sweets And Bakery,4.7,(28),From Tk38 with Saver
Gulshan 2 Circle,Farmhouse Burger,4.7,(1000+),From Tk38 with Saver
Gulshan 2 Circle,Donerci Turkish Kebab,3.2,(100+),From Tk31 with Saver
Gulshan 2 Circle,Kareem's Dhaka,4.7,(100+),From Tk34 with Saver
Gulshan 2 Circle,Abar Khabo,4.7,(500+),Tk45
Gulshan 2 Circle,Moriom Biriyani House,2.4,(30),From Tk41 with Saver
Gulshan 2 Circle,Rose Bakery & Bistro,4.9,(500+),From Tk34 with Saver
Gulshan 2 Circle,Kishmot Hotel,4.7,(1000+),From Tk38 with Saver
Gulshan 2 Circle,Evviva,4.8,(100+),From Tk31 with Saver
Gulshan 2 Circle,Tandoor By German Butcher,4.8,(100+),From Tk38 with Saver
Gulshan 2 Circle,Rice & More,4.8,(500+),From Tk31 with Saver
Gulshan 2 Circle,Gregorian Alumni Club Ltd,4.6,(100+),From Tk38 with Saver
Gulshan 2 Circle,Whizzo,4.6,(16),From Tk45 with Saver
Gulshan 2 Circle,Pizza Guy - Banani,4.7,(2000+),From Tk31 with Saver
Gulshan 2 Circle,Rajoni Hotel & Restaurant,4.2,(100+),From Tk45 with Saver
Gulshan 2 Circle,VERTE,4.8,(500+),From Tk34 with Saver
Gulshan 2 Circle,Today's Treat,4.5,(58),From Tk38 with Saver
Gulshan 2 Circle,Mollika Snacks,4.8,(1000+),From Tk38 with Saver
Gulshan 2 Circle,Lake View,2.5,(18),From Tk38 with Saver
Gulshan 2 Circle,Rajbethi's Kitchen -Cloud Courtyard,4.1,(7),From Tk38 with Saver
Gulshan 2 Circle,Taqueria Lola,4.9,(100+),From Tk38 with Saver
Gulshan 2 Circle,Pan Tao,4.8,(100+),From Tk31 with Saver
Gulshan 2 Circle,Butter - The Bakery (CENTRAL),4.8,(500+),From Tk38 with Saver
Gulshan 2 Circle,BOHO - Banani,4.2,(16),From Tk31 with Saver
Gulshan 2 Circle,Karaachi Dastarkhwan,4.4,(92),From Tk31 with Saver
Gulshan 2 Circle,Italian Pizza Hut,3.8,(500+),From Tk34 with Saver
Gulshan 2 Circle,Indian Fried Chicken,3.7,(100+),From Tk41 with Saver
Gulshan 2 Circle,ZoooK Corn- Pink City,,,From Tk28 with Saver
Gulshan 2 Circle,Ruen Busaba,4.9,(100+),From Tk31 with Saver
Gulshan 2 Circle,Royal Arsalan's Kitchen Restaurant,4.8,(100+),From Tk31 with Saver
Gulshan 2 Circle,C House Milano Bangladesh,5,(1000+),From Tk28 with Saver
Gulshan 2 Circle,A Twin Kitchen,4.8,(6),Tk49
Gulshan 2 Circle,M/S Ginza,4.9,(100+),From Tk31 with Saver
Gulshan 2 Circle,Fluryz Food & Cafe,4.9,(93),From Tk31 with Saver
Gulshan 2 Circle,The Cinnamon Tree Restaurant,4.5,(500+),From Tk41 with Saver
Gulshan 2 Circle,Abacus Restaurant - Gulshan 1,4.6,(500+),From Tk38 with Saver
Gulshan 2 Circle,The White Canary Cafe,4.9,(2000+),From Tk31 with Saver
Gulshan 2 Circle,Bong Cha - Banani,5,(18),From Tk34 with Saver
Gulshan 2 Circle,Shaw's Steakhouse,4.8,(500+),From Tk31 with Saver
Gulshan 2 Circle,Sichuan Hotpot,4.6,(44),From Tk34 with Saver
Gulshan 2 Circle,Cafe Dolce - Gulshan 2,4.9,(13),From Tk31 with Saver
Gulshan 2 Circle,SUMAK,4.5,(16),From Tk34 with Saver
Gulshan 2 Circle,Al Kareem Lounge,4.2,(74),From Tk34 with Saver
Gulshan 2 Circle,ShantiGraam,4.7,(12),From Tk31 with Saver
Gulshan 2 Circle,Khansaba - Gulshan,4.7,(100+),From Tk38 with Saver
Gulshan 2 Circle,Fruitsicles - Gulshan 2,5,(100+),From Tk28 with Saver
Gulshan 2 Circle,Pizza Circle,4,(15),From Tk38 with Saver
Gulshan 2 Circle,Fatz,4.6,(500+),From Tk31 with Saver
Gulshan 2 Circle,A One Food & Pastry - Banani,5,(27),From Tk31 with Saver
Gulshan 2 Circle,Roosters Peri Peri-Banani,4.9,(1000+),From Tk31 with Saver
Gulshan 2 Circle,PastaMania,4.9,(1000+),From Tk34 with Saver
Gulshan 2 Circle,Coffee World - Gulshan,4.8,(100+),From Tk31 with Saver
Gulshan 2 Circle,Cilantro - Gulshan,4,(100+),From Tk28 with Saver
Gulshan 2 Circle,HANDI TEHARI,3,(93),From Tk38 with Saver
Gulshan 2 Circle,Khanadana -Home Kitchen,4.1,(19),Tk54
Gulshan 2 Circle,King of Korea,3.2,(100+),From Tk31 with Saver
Gulshan 2 Circle,Steakout,4.7,(34),From Tk34 with Saver
Gulshan 2 Circle,Wok Way - Chef's Table Gulshan 2,4.7,(76),From Tk28 with Saver
Gulshan 2 Circle,Thai Times,4.1,(100+),From Tk31 with Saver
Gulshan 2 Circle,Cake Lovers - Banani,4.8,(76),From Tk34 with Saver
Gulshan 2 Circle,Eleven Cafe,4.8,(100+),From Tk28 with Saver
Gulshan 2 Circle,Doner Dude - Gulshan,4.6,(100+),From Tk31 with Saver
Gulshan 2 Circle,Teriyaki Boy,4.8,(100+),From Tk31 with Saver
Gulshan 2 Circle,Meal Box - Gulshan,3.1,(100+),Tk59
Gulshan 2 Circle,Emerald Bakery & Cafe,4.9,(100+),From Tk31 with Saver
Gulshan 2 Circle,Alamin Doi Chira & Juice,4.1,(11),From Tk41 with Saver
Gulshan 2 Circle,SpiceL,4.9,(100+),From Tk31 with Saver
Gulshan 2 Circle,Royal Park Residence Hotel,4.9,(100+),From Tk34 with Saver
Gulshan 2 Circle,Dark House Cafe,2.5,(100+),From Tk41 with Saver
Gulshan 2 Circle,Oven Fire Pizza,4.9,(100+),From Tk41 with Saver
Gulshan 2 Circle,Shad Fuchka Corner,4.9,(65),Tk45
Gulshan 2 Circle,Couch Potato,4.6,(100+),Tk54
Gulshan 2 Circle,Doner Korner,4.7,(100+),From Tk31 with Saver
Gulshan 2 Circle,Pink city Food Cafe,,,From Tk28 with Saver
Gulshan 2 Circle,Indulge - Unimart Gulshan 2,4.9,(500+),From Tk28 with Saver
Gulshan 2 Circle,Juice and More,3.5,(89),From Tk38 with Saver
Gulshan 2 Circle,Magix Bear,4.6,(52),From Tk34 with Saver
Gulshan 2 Circle,Sara Kitchen,4.7,(100+),Tk59
Gulshan 2 Circle,Metro Meal,4.3,(100+),From Tk41 with Saver
Gulshan 2 Circle,Gloria Jean's Coffee-Gulshan 1,4.9,(1000+),From Tk38 with Saver
Gulshan 2 Circle,Nori,4.8,(100+),From Tk34 with Saver
Gulshan 2 Circle,Thai Town,3.8,(66),From Tk31 with Saver
Gulshan 2 Circle,Platinum Park,4.6,(500+),From Tk41 with Saver
Gulshan 2 Circle,CRAVE,4.5,(14),From Tk41 with Saver
Gulshan 2 Circle,Wa Wa Waffles - Badda,3.3,(100+),From Tk45 with Saver
Gulshan 2 Circle,Halda Valley Tea Lounge,4.7,(40),From Tk31 with Saver
Gulshan 2 Circle,TU DO,4.5,(8),From Tk34 with Saver
Gulshan 2 Circle,Gulshan Juice Bar,,,From Tk38 with Saver
Gulshan 2 Circle,Italiano By Espresso Lounge,4.9,(18),From Tk31 with Saver
Gulshan 2 Circle,Indian Kitchen -Banani,4.6,(500+),From Tk31 with Saver
Gulshan 2 Circle,Khazana,4.8,(500+),From Tk31 with Saver
Gulshan 2 Circle,Khandani Biryani,4,(100+),From Tk38 with Saver
Gulshan 2 Circle,Salauddin Hotel,4.5,(100+),From Tk41 with Saver
Gulshan 2 Circle,Royalist Patisserie,4.8,(80),From Tk34 with Saver
Gulshan 2 Circle,Avijat Keya Restuarant,4.6,(51),From Tk41 with Saver
Gulshan 2 Circle,Toasties,4.8,(100+),Tk54
Gulshan 2 Circle,Old Town,4.6,(500+),Tk49
Gulshan 2 Circle,Sweet Freeze,4.9,(100+),Tk45
Gulshan 2 Circle,La Tarte,4.8,(100+),From Tk38 with Saver
Gulshan 2 Circle,Galore of Seoul & Tokyo,4.6,(100+),From Tk38 with Saver
Gulshan 2 Circle,O' Play,4.7,(100+),From Tk31 with Saver
Gulshan 2 Circle,Manzile,4.8,(9),From Tk41 with Saver
Gulshan 2 Circle,Tahmeeds Kitchen,3.6,(24),Tk54
Gulshan 2 Circle,Club Gelato,3.1,(5),From Tk34 with Saver
Gulshan 2 Circle,Grills & Grains Pizzeria,4.3,(67),From Tk31 with Saver
Gulshan 2 Circle,Rice Bowl,2.8,(100+),Tk59
Gulshan 2 Circle,Waffle Cafe - Gulshan,4.7,(13),From Tk38 with Saver
Gulshan 2 Circle,Wow Bites - Gulshan,2.7,(18),From Tk41 with Saver
Gulshan 2 Circle,Niribili Hotel & Restaurant,4.7,(500+),From Tk38 with Saver
Gulshan 2 Circle,Purnima Restaurant - Gulshan - 1,4.5,(100+),From Tk38 with Saver
Gulshan 2 Circle,Kavazo - Gulshan,4.9,(100+),From Tk28 with Saver
Gulshan 2 Circle,Epar Opar,4.6,(9),From Tk34 with Saver
Gulshan 2 Circle,Patisserie By Espresso Lounge,4.7,(40),From Tk31 with Saver
Gulshan 2 Circle,Urban Crave,,,From Tk31 with Saver
Gulshan 2 Circle,Mithila's Kitchen,,,Tk54
Gulshan 2 Circle,Abisha's Kitchen,4.9,(500+),Tk64
Gulshan 2 Circle,Boithok,4.2,(5),From Tk34 with Saver
Gulshan 2 Circle,Sa Meh Wa Meh,4.9,(22),Tk54
Gulshan 2 Circle,The Rustic spoon,3.6,(9),From Tk34 with Saver
Gulshan 2 Circle,SammBakes,5,(11),Tk45
Gulshan 2 Circle,Club China,4.9,(64),From Tk31 with Saver
Gulshan 2 Circle,The Cookie Culture BD,4.5,(7),From Tk34 with Saver
Gulshan 2 Circle,Second Cup Bangladesh - Gulshan 1,4.8,(100+),From Tk34 with Saver
Gulshan 2 Circle,SEOUL BITES,4.7,(73),Tk54
Gulshan 2 Circle,Shaddher Shaad Restaurant,4.6,(100+),Tk49
Gulshan 2 Circle,Hot & Spicy Restaurant,2.1,(6),From Tk34 with Saver
Gulshan 2 Circle,Korean B.B.Q House,3.9,(100+),Tk45
Gulshan 2 Circle,Beans & Blend,4.5,(80),From Tk34 with Saver
Gulshan 2 Circle,Tasty Bites,1.8,(5),From Tk45 with Saver
Gulshan 2 Circle,Al Arabian Cake & Sweets - Vatara,4.7,(100+),From Tk34 with Saver
Gulshan 2 Circle,Mama's Boy,,,From Tk38 with Saver
Gulshan 2 Circle,Habanero,4.4,(87),Tk54
Gulshan 2 Circle,Bangkok Bites,4.9,(44),From Tk34 with Saver
Gulshan 2 Circle,L'eto Food,4.6,(25),From Tk34 with Saver
Gulshan 2 Circle,Tamanna's Kitchen,4.6,(100+),Tk49
Gulshan 2 Circle,Surah Mart,1.6,(8),From Tk38 with Saver
Gulshan 2 Circle,Ice Cream Lab - Gulshan 2,4.6,(100+),From Tk28 with Saver
Gulshan 2 Circle,Xtra Mayo - Gulshan,4.8,(100+),From Tk31 with Saver
Gulshan 2 Circle,Bay Be Que,4.8,(45),Tk49
Gulshan 2 Circle,Thai Bistro - Banani,4.7,(100+),From Tk31 with Saver
Gulshan 2 Circle,Smiths Caffe Regalo,4.8,(500+),From Tk34 with Saver
Gulshan 2 Circle,Sweet Street - Gulshan,4.7,(100+),From Tk34 with Saver
Gulshan 2 Circle,Munni's Kitchen-Niketon,4.9,(100+),Tk59
Gulshan 2 Circle,East Bengal Coffee Roasters - Gulshan 2,4.6,(27),From Tk34 with Saver
Gulshan 2 Circle,Popsicles - Banani,4.9,(12),From Tk31 with Saver
Gulshan 2 Circle,Rice Lover,4,(100+),From Tk38 with Saver
Gulshan 2 Circle,Dragon Verse - Authentic Chinese Hotpot & Sichuan Food Restaurant,4,(16),From Tk38 with Saver
Gulshan 2 Circle,Chicken Street - Banani,4.6,(17),From Tk34 with Saver
Gulshan 2 Circle,Rehan Biryani House - Badda,3.2,(22),From Tk34 with Saver
Gulshan 2 Circle,Kula,4.8,(33),From Tk41 with Saver
Gulshan 2 Circle,Thai Italian pizza,2.3,(22),Tk59
Gulshan 2 Circle,Shwapnil Fastfood & Chayer Adda,,,From Tk34 with Saver
Gulshan 2 Circle,Divyaanssh,4.5,(100+),From Tk31 with Saver
Gulshan 2 Circle,Oshisushis,4.4,(100+),From Tk34 with Saver
Gulshan 2 Circle,Sassy Slice by 6ix9,4.2,(100+),From Tk38 with Saver
Gulshan 2 Circle,Chinese Foodie,3.6,(100+),From Tk31 with Saver
Gulshan 2 Circle,Tasty Koreana,4.4,(100+),From Tk38 with Saver
Gulshan 2 Circle,Rice & Spice,3.6,(58),From Tk38 with Saver
Gulshan 2 Circle,Blaze & Bite Cafe and Restaurant,4.2,(19),From Tk45 with Saver
Gulshan 2 Circle,WAZA,,,From Tk31 with Saver
Gulshan 2 Circle,Welkin Pastry,3.2,(8),From Tk34 with Saver
Gulshan 2 Circle,Kimchi Season,4.4,(100+),From Tk31 with Saver
Gulshan 2 Circle,Royal Treat - By Ascott Palace,5,(500+),From Tk34 with Saver
Gulshan 2 Circle,Lean Nation Eats,4.9,(2000+),From Tk38 with Saver
Gulshan 2 Circle,Bikrampur Mistanno Vandar & Bakery,3.9,(29),From Tk38 with Saver
Gulshan 2 Circle,Savannah by Midori,4.1,(44),From Tk28 with Saver
Gulshan 2 Circle,Raina's Kitchen,4.9,(100+),Tk59
Gulshan 2 Circle,The Dream Kitchen,3.8,(26),Tk54
Gulshan 2 Circle,George's Pizza,4.7,(100+),From Tk34 with Saver
Gulshan 2 Circle,Frost and Flame,4.6,(64),From Tk38 with Saver
Gulshan 2 Circle,Hungry Hive,4.3,(14),From Tk41 with Saver
Gulshan 2 Circle,Ladeedh - Banani,4,(29),From Tk34 with Saver
Gulshan 2 Circle,Cafe Americano,3.2,(7),From Tk31 with Saver
Gulshan 2 Circle,Espresso Lounge,3.8,(8),From Tk31 with Saver
Gulshan 2 Circle,Dal Bhaat,4.7,(20),From Tk31 with Saver
Gulshan 2 Circle,Seoul Street,4.1,(100+),From Tk31 with Saver
Gulshan 2 Circle,Attin Cafe & Lounge,4.9,(500+),From Tk31 with Saver
Gulshan 2 Circle,Club JCI Restaurant - Cafe,,,From Tk31 with Saver
Gulshan 2 Circle,Fry Basket- Banani,4,(8),Tk49
Gulshan 2 Circle,Korean Grill,3.9,(17),From Tk31 with Saver
Gulshan 2 Circle,Juice Time,4.8,(500+),Tk59
Gulshan 2 Circle,Kolpona Unique Cafe,,,From Tk31 with Saver
Gulshan 2 Circle,Crispy- Banani,4.5,(14),From Tk34 with Saver
Gulshan 2 Circle,Lunch Box - Banani,3,(7),From Tk34 with Saver
Gulshan 2 Circle,Tasty Sushi,4.5,(100+),From Tk38 with Saver
Gulshan 2 Circle,Pora Bari Kabab,,,From Tk45 with Saver
Gulshan 2 Circle,Mishti by Lakeshore Bakery,,,From Tk31 with Saver
Gulshan 2 Circle,Midnight Baker,4.4,(26),From Tk31 with Saver
Gulshan 2 Circle,Urban Pizza,,,From Tk34 with Saver
Gulshan 2 Circle,Juice n' Blues,4.9,(100+),From Tk31 with Saver
Gulshan 2 Circle,Chinese Delight,4.2,(18),From Tk31 with Saver
Gulshan 2 Circle,Lakeshore Bakery,4.8,(100+),From Tk31 with Saver
Gulshan 2 Circle,Delhi Darbar-Police Plaza,,,From Tk41 with Saver
Gulshan 2 Circle,Bikkhato Mamar Halim,4,(15),From Tk34 with Saver
Gulshan 2 Circle,RATABORO,3.9,(6),From Tk34 with Saver
Gulshan 2 Circle,GRIDDLE- Badda,2.2,(10),From Tk45 with Saver
Gulshan 2 Circle,Bowl Chow,4,(100+),Tk64
Gulshan 2 Circle,Pizza & Dumpling,3.9,(100+),From Tk38 with Saver
Gulshan 2 Circle,Crunch & Feast,3.7,(35),From Tk38 with Saver
Gulshan 2 Circle,Es pizza,2.2,(25),From Tk38 with Saver
Gulshan 2 Circle,Trendy Taste,,,Tk64
Gulshan 2 Circle,Pazzi Fox Pizza,4.5,(100+),From Tk34 with Saver
Gulshan 2 Circle,Shader Ghor,,,Tk45
Gulshan 2 Circle,Bangla Kitchen - Burger Bites - Shahajadpur,,,From Tk34 with Saver
Gulshan 2 Circle,The Hungry Craft,2.4,(13),From Tk38 with Saver
Gulshan 2 Circle,The Steak Joint,4,(13),From Tk38 with Saver
Gulshan 2 Circle,Sushi Season,4.2,(100+),From Tk31 with Saver
Gulshan 2 Circle,Chilekotha Restaurant,4.8,(5),From Tk34 with Saver
Gulshan 2 Circle,Yoshi,,,From Tk34 with Saver
Gulshan 2 Circle,EPI,,,From Tk31 with Saver
Gulshan 2 Circle,Cloud Burger Hub -Cloud Courtyard,,,From Tk38 with Saver
Gulshan 2 Circle,Adana Sofrasi,4.8,(6),From Tk31 with Saver
Gulshan 2 Circle,Tiffin - Baridhara,4.6,(17),Tk54
Gulshan 2 Circle,Sizzlin' Steak,4,(66),From Tk31 with Saver
Gulshan 2 Circle,Care Cafe,,,From Tk34 with Saver
Gulshan 2 Circle,Nissin Ramen Bar,3,(17),From Tk31 with Saver
Gulshan 2 Circle,The Flourist,,,Tk49
Gulshan 2 Circle,Club JCI Restaurant - Bangla,,,From Tk31 with Saver
Gulshan 2 Circle,Tripti Catering,4.7,(1000+),From Tk38 with Saver
Gulshan 2 Circle,WRAP HOBE?,4.7,(60),Tk54
Gulshan 2 Circle,Indian Kitchen - Gulshan 2,4.4,(100+),From Tk31 with Saver
Gulshan 2 Circle,Bistro Central,4.9,(100+),From Tk41 with Saver
Gulshan 2 Circle,Assurance Farm Cafe,4.7,(20),From Tk34 with Saver
Gulshan 2 Circle,Dina's Delight,4.8,(500+),Tk64
Gulshan 2 Circle,Cheesy Crust,3.6,(43),From Tk38 with Saver
Gulshan 2 Circle,Wing Hive,4.5,(56),From Tk41 with Saver
Gulshan 2 Circle,Juice Khabo,,,Tk45
Gulshan 2 Circle,The Bakehouse,4.3,(8),From Tk34 with Saver
Gulshan 2 Circle,Blue Salt,4.3,(100+),From Tk31 with Saver
Gulshan 2 Circle,Samurai Sushi Kitchen - Baridhara,4.6,(100+),From Tk34 with Saver
Gulshan 2 Circle,Juice Factory,,,From Tk38 with Saver
Gulshan 2 Circle,Joss Momo,,,Tk54
Gulshan 2 Circle,Coffee Planet,,,From Tk34 with Saver
Gulshan 2 Circle,Tokyodango - Gulshan 1,4.9,(21),From Tk38 with Saver
Gulshan 2 Circle,Soi 11,4,(12),From Tk45 with Saver
Gulshan 2 Circle,Stacked & Doner,4.4,(15),From Tk38 with Saver
Gulshan 2 Circle,Just Juice- Banani,4.7,(100+),From Tk34 with Saver
Gulshan 2 Circle,C'Paris,,,From Tk34 with Saver
Gulshan 2 Circle,Ezhaan Indian & Chinese Food Restaurant,,,From Tk41 with Saver
Gulshan 2 Circle,Sugarpuffs Coffee - Banani,,,From Tk31 with Saver
Gulshan 2 Circle,Sushi Express Dhaka,4.6,(100+),Tk45
Gulshan 2 Circle,Wow Waffle - Banani,,,From Tk38 with Saver
Gulshan 2 Circle,Sushi House,4.5,(100+),From Tk34 with Saver
Gulshan 2 Circle,Hungry Pizza Lovers - Banani,3.5,(52),From Tk31 with Saver
Gulshan 2 Circle,ROOT- Banani,4.9,(100+),From Tk31 with Saver
Gulshan 2 Circle,Tree House,4.9,(100+),From Tk31 with Saver
Gulshan 2 Circle,Kebabs N Curries - Chef's Table Gulshan 1,4.2,(83),From Tk38 with Saver
Gulshan 2 Circle,Royal Korean Cuisine,4.2,(100+),From Tk34 with Saver
Gulshan 2 Circle,Mouchak Kentaki Fastfood,,,From Tk41 with Saver
Gulshan 2 Circle,Porabari,4.4,(5),From Tk45 with Saver
Gulshan 2 Circle,Hey Al Noor Food & Stationary,,,Tk59
Gulshan 2 Circle,Heat & Eat,3.7,(7),From Tk38 with Saver
Gulshan 2 Circle,Texas Restaurant,4.8,(12),From Tk31 with Saver
Gulshan 2 Circle,Azuki,3,(8),From Tk31 with Saver
Gulshan 2 Circle,Smith's Pizza,4.8,(100+),From Tk34 with Saver
Gulshan 2 Circle,City Chinese And Seafood,3.5,(17),Tk54
Gulshan 2 Circle,Rokomari Food Zone,,,From Tk38 with Saver
Gulshan 2 Circle,Smash & Crave Burger,4.1,(18),From Tk38 with Saver
Gulshan 2 Circle,LAYALI,,,From Tk31 with Saver
Gulshan 2 Circle,Barishal Hotel,,,From Tk38 with Saver
Gulshan 2 Circle,Beein Foods & Restaurant,,,From Tk31 with Saver
Gulshan 2 Circle,Cricket Ground Cafe,2.6,(1000+),From Tk41 with Saver
Gulshan 2 Circle,Home kitchen,,,From Tk34 with Saver
Gulshan 2 Circle,Bistro 11,,,From Tk34 with Saver
Gulshan 2 Circle,Meat Church,4.7,(100+),From Tk34 with Saver
Gulshan 2 Circle,K - Bakery & Sweets - Banani,,,From Tk34 with Saver
Gulshan 2 Circle,Cafe Rossaa,4,(44),From Tk49 with Saver
Gulshan 2 Circle,Afghan Grill - Chef's Table Courtside,,,From Tk59 with Saver
Gulshan 2 Circle,Mi Thai,3.9,(100+),From Tk41 with Saver
Gulshan 2 Circle,Biancaffé - Gulshan,,,From Tk31 with Saver
Gulshan 2 Circle,Han She,4.8,(9),From Tk34 with Saver
Gulshan 2 Circle,Cilantro Pizzeria,4,(8),From Tk31 with Saver
Gulshan 2 Circle,Hello Hotpot By Hellochef,1.9,(7),Tk45
Gulshan 2 Circle,Runrunty Japanese Restaurant & Cuisine,,,From Tk31 with Saver
Gulshan 2 Circle,EggBite,,,Tk49
Gulshan 2 Circle,Cafe Nilachal Restaurant,,,From Tk38 with Saver
Gulshan 2 Circle,Fish N Grill,4,(11),From Tk31 with Saver
Gulshan 2 Circle,MUN-SHI,,,Tk49
Gulshan 2 Circle,Pizza Smile,,,Tk64
Gulshan 2 Circle,Sub Squad - Niketon,1.8,(8),From Tk41 with Saver
Gulshan 2 Circle,Hari Bari,4.3,(100+),Tk49
Gulshan 2 Circle,Bosco Cafe and Bistro,,,From Tk31 with Saver
Gulshan 2 Circle,Cafe Jhotpot,4.6,(12),Tk64
Gulshan 2 Circle,Thai Express,4,(2000+),From Tk31 with Saver
Gulshan 2 Circle,2BROS CAFE,,,From Tk38 with Saver
Gulshan 2 Circle,Mayer Rannaghor,,,From Tk38 with Saver
Gulshan 2 Circle,Dragon Eye,4.3,(100+),From Tk34 with Saver
Gulshan 2 Circle,Binni Savora,3.2,(5),From Tk38 with Saver
Gulshan 2 Circle,Hungry Pizza Lovers,3.5,(100+),From Tk31 with Saver
Gulshan 2 Circle,Platinum Park Fast Food & Juice Corner,4.7,(100+),From Tk41 with Saver
Gulshan 2 Circle,Lezzet Rooftop,,,From Tk38 with Saver
Gulshan 2 Circle,Colonel’s Cabin,,,From Tk34 with Saver
Gulshan 2 Circle,Cafe Banani,,,From Tk34 with Saver
Gulshan 2 Circle,Kimchi Zone,4.5,(100+),From Tk38 with Saver
Gulshan 2 Circle,Burgwich Town Fusion Cafe - Banani,4.9,(100+),From Tk31 with Saver
Gulshan 2 Circle,Lahab,3.3,(11),From Tk34 with Saver
Gulshan 2 Circle,Hangout Kitchen,,,Tk54
Gulshan 2 Circle,Izhan's Kitchen,,,Tk54
Gulshan 2 Circle,Midori Japanese Restaurant,5,(71),From Tk34 with Saver
Gulshan 2 Circle,Korean Feast by Binni,,,From Tk38 with Saver
Gulshan 2 Circle,Brew Buddies,4.7,(100+),From Tk45 with Saver
Gulshan 2 Circle,Chinese Food & Variety,3.9,(11),From Tk34 with Saver
Gulshan 2 Circle,Almimart,,,From Tk41 with Saver
Gulshan 2 Circle,The Red Window - Banani,4.9,(100+),From Tk34 with Saver
Gulshan 2 Circle,Dumpling Express by 6ix9,4.1,(100+),From Tk38 with Saver
Gulshan 2 Circle,Boithok Cafe,3.9,(10),From Tk34 with Saver
Gulshan 2 Circle,Rice Republic - Gulshan (Special offer available),3.7,(6),Tk59
Gulshan 2 Circle,Santoor Fusion Dining,3.9,(9),From Tk31 with Saver
Gulshan 2 Circle,Cafe Mario's,4.2,(100+),From Tk31 with Saver
Gulshan 2 Circle,Awesome Dimsum,4.6,(59),From Tk34 with Saver
Gulshan 2 Circle,Korean Chef,3.9,(100+),From Tk38 with Saver
Gulshan 2 Circle,Impetus Lounge,4.1,(8),From Tk45 with Saver
Gulshan 2 Circle,Fravings House,,,Tk49
Gulshan 2 Circle,Eatro - Badda,4.5,(18),From Tk45 with Saver
Gulshan 2 Circle,The Ample Cafe & Bistro,4.3,(26),From Tk31 with Saver
Gulshan 2 Circle,Cha Bazi,3,(9),From Tk41 with Saver
Gulshan 2 Circle,German Deli,,,From Tk38 with Saver
Gulshan 2 Circle,Jheel Maestria,,,From Tk45 with Saver
Gulshan 2 Circle,Sporsho Cafe & Restaurant,4.9,(9),From Tk38 with Saver
Gulshan 2 Circle,Baoxi Kafei,3.9,(100+),From Tk34 with Saver
Gulshan 2 Circle,Konami At Home,,,From Tk34 with Saver
Gulshan 2 Circle,Mr Testy Cake,,,From Tk38 with Saver
Gulshan 2 Circle,Chillers - Banani,4.4,(21),From Tk34 with Saver
Gulshan 2 Circle,Steak & Sausage,4.7,(40),From Tk38 with Saver
Gulshan 2 Circle,The Bakehouse - Cake & Pastry,,,From Tk34 with Saver
Gulshan 2 Circle,Platinum Biryani,2.6,(6),From Tk45 with Saver
Gulshan 2 Circle,Terra Bistro - Banani,4.2,(35),From Tk34 with Saver
Gulshan 2 Circle,Cafe Mario's - Banani,4.6,(100+),From Tk31 with Saver
Gulshan 2 Circle,Kiva Han Coffee Company,4.7,(56),From Tk34 with Saver
Gulshan 2 Circle,La Villa Western,4.4,(93),From Tk34 with Saver
Gulshan 2 Circle,Cielo Rooftop - Banani,4.7,(100+),From Tk34 with Saver
Gulshan 2 Circle,Ahare Bahar,3.8,(8),From Tk34 with Saver
Gulshan 2 Circle,Tasty Treat Café - Niketon,4.7,(100+),From Tk41 with Saver
Gulshan 2 Circle,Japanese Sushi House,4.3,(8),Tk45
Gulshan 2 Circle,Maa Er Hath Er Ranna,,,Tk49
Gulshan 2 Circle,Saba’s Eatery (A concern of Binni),,,From Tk38 with Saver
Gulshan 2 Circle,Kesar - Gulshan 1,4.3,(25),From Tk41 with Saver
Gulshan 2 Circle,Kasmira Cafe & Restaurant,,,From Tk34 with Saver
Gulshan 2 Circle,Wok & Fire,4.8,(1000+),From Tk34 with Saver
Gulshan 2 Circle,Bakerylicious,,,Tk64
Gulshan 2 Circle,Misty Bake,4.8,(7),From Tk45 with Saver
Gulshan 2 Circle,MeatRix,2.7,(6),From Tk45 with Saver
Gulshan 2 Circle,Shanghai 10,4.8,(100+),From Tk34 with Saver
Gulshan 2 Circle,Route 66 - Chef's Table Courtside,4.5,(11),From Tk59 with Saver
Gulshan 2 Circle,Coffee House - Gulshan,4.8,(100+),From Tk34 with Saver
Gulshan 2 Circle,Banglar Mishti - Gulshan,4.8,(100+),From Tk34 with Saver
Gulshan 2 Circle,Florentine,4.7,(68),From Tk45 with Saver
Gulshan 2 Circle,Coffee Connoisseur - Gulshan 1,4.7,(100+),From Tk34 with Saver
Gulshan 2 Circle,Coffee Buzz - Gulshan 1,4.6,(13),From Tk34 with Saver
Gulshan 2 Circle,Royal Bangla Leaf - Gulshan,2.8,(100+),Tk59
Gulshan 2 Circle,Being Pizza,,,Tk59
Gulshan 2 Circle,HIGH ON CHA,,,Tk45
Gulshan 2 Circle,Bashonti,,,Tk45
Gulshan 2 Circle,Usha's Kitchen,,,Tk54
Gulshan 2 Circle,Yummy Kitchen,,,Tk64
Gulshan 2 Circle,Suhaiba's Home Kitchen,,,Tk49
Gulshan 2 Circle,Safa Kitchen,,,Tk49
Gulshan 2 Circle,Shifat Cake And Bakery House .,4.6,(5),Tk59
Gulshan 2 Circle,Ruti Ghor,,,Tk64
Gulshan 2 Circle,Aunty's Momo,,,Tk49
Gulshan 2 Circle,H&N Juice Shack,,,Tk40
Gulshan 2 Circle,Rumaisa's Kitchen,4.3,(22),Tk54
Gulshan 2 Circle,Bangla Ranna Ghor,,,Tk49
Gulshan 2 Circle,Tiffin Time,,,Tk59
Gulshan 2 Circle,Meetup Cafe and Restaurant,1.9,(8),From Tk41 with Saver
Gulshan 2 Circle,The Cook's Corner,4.2,(42),Tk54
Gulshan 2 Circle,Siam Restaurant,,,Tk54
Gulshan 2 Circle,House of Niribiri,,,Tk45
Gulshan 2 Circle,Cloudine Kitchen,,,Tk59
Gulshan 2 Circle,Zain’s Homecook,,,Tk54
Gulshan 2 Circle,Ghorer Khabar,4.2,(7),Tk59
Gulshan 2 Circle,Dora's Kitchen,,,Tk49
Gulshan 2 Circle,Lake Lover - Badda,,,From Tk38 with Saver
Gulshan 2 Circle,FryLab,,,Tk54
Gulshan 2 Circle,Tanima's Food And Products,,,Tk49
Gulshan 2 Circle,Turkish Donerzzz,,,Tk59
Gulshan 2 Circle,Jusshh!,,,From Tk31 with Saver
Gulshan 2 Circle,Test litaz Mama,,,Tk49
Gulshan 2 Circle,My Home kitchen,4.3,(17),Tk59
Gulshan 2 Circle,Rizq Catering,,,Tk59
Gulshan 2 Circle,Bangali Bhojon,,,Tk59
Gulshan 2 Circle,Queen Biryani,,,Tk49
Gulshan 2 Circle,Ghour Biryani,,,Tk49
Gulshan 2 Circle,LFC - Lokman Chotpoti And Fuchka,,,From Tk41 with Saver
Gulshan 2 Circle,Deshi Dine Hub,,,Tk59
Gulshan 2 Circle,Mother's bhorta kitchen,,,Tk59
Gulshan 2 Circle,SACAR food,,,Tk64
Gulshan 2 Circle,DELHI DARBAR,4.2,(7),From Tk45 with Saver
Gulshan 2 Circle,Maha's kitchen,3.7,(8),Tk59
Gulshan 2 Circle,La Pino'S,,,Tk59
Gulshan 2 Circle,DIET - Did I Eat That,4.8,(100+),From Tk31 with Saver
Gulshan 2 Circle,Healthy And Tasty Food,,,Tk40
Gulshan 2 Circle,Sara's Kitchen,,,Tk59
Gulshan 2 Circle,Jinnat Kitchen,,,Tk49
Gulshan 2 Circle,Baked by Sadiah,,,Tk59
Gulshan 2 Circle,Fuchkawala,,,Tk64
Gulshan 2 Circle,Thakumar Rannaghor,,,Tk49
Gulshan 2 Circle,Baby's Kitchen,,,Tk49
Gulshan 2 Circle,Food Express,,,From Tk49 with Saver
Gulshan 2 Circle,King's Kacchi,5,(5),Tk54
Gulshan 2 Circle,The Cake Service,,,Tk64
Gulshan 2 Circle,Aroth Kitchen,,,Tk40
Gulshan 2 Circle,Healthy & Fresh Kitchen,,,Tk54
Gulshan 2 Circle,Premium Bakers,,,Tk54
Gulshan 2 Circle,Spice Box,,,From Tk38 with Saver
Gulshan 2 Circle,Mitsuha's Kitchen,,,Tk49
Gulshan 2 Circle,Burritoz,4.6,(6),From Tk41 with Saver
Gulshan 2 Circle,Tokyo Food,,,From Tk41 with Saver
Gulshan 2 Circle,ADDA&CHILL,3.7,(21),From Tk38 with Saver
Gulshan 2 Circle,Chawkbazaar,,,From Tk31 with Saver
Gulshan 2 Circle,Chattgaiya Cuisine,,,Tk45
Gulshan 2 Circle,Curry Kraft,,,Tk54
Gulshan 2 Circle,Lahore Express,,,From Tk54 with Saver
Gulshan 2 Circle,GreenBean - Tejgaon,,,From Tk45 with Saver
Gulshan 2 Circle,Prime Patty,4.9,(6),Tk59
Gulshan 2 Circle,Sky Vista Lounge,4.8,(8),From Tk34 with Saver
Gulshan 2 Circle,Dadir Choya Rannaghor,3.2,(19),Tk59
Gulshan 2 Circle,Maa Er Doya Restaurant,4.5,(59),From Tk41 with Saver
Gulshan 2 Circle,Burger Buzz,4.7,(100+),Tk54
Gulshan 2 Circle,Waffle Bro's,4.6,(17),From Tk31 with Saver
Gulshan 2 Circle,Snackin,,,Tk54
Gulshan 2 Circle,Copper Cravings,,,From Tk45 with Saver
Gulshan 2 Circle,Hot & Fresh Khichuri,,,Tk59
Gulshan 2 Circle,Chatni Restaurant,1.7,(6),From Tk34 with Saver
Gulshan 2 Circle,Imran Food Valley,,,Tk64
Gulshan 2 Circle,Zishan Food Corner,,,Tk59
Gulshan 2 Circle,MP Cafe,,,Tk54
Gulshan 2 Circle,Food Platter,4.6,(6),From Tk31 with Saver
Gulshan 2 Circle,Daily Daawat - Gulshan 1,4.7,(500+),From Tk34 with Saver
Gulshan 2 Circle,Halim & Pitha Ghor,3.6,(100+),Tk49
Gulshan 2 Circle,Al Amin Hotel & Restaurant,4,(16),From Tk38 with Saver
Gulshan 2 Circle,Friends Food and Juice Corner,,,From Tk38 with Saver
Gulshan 2 Circle,Chicken Expert -Gulshan,4.7,(100+),Tk54
Gulshan 2 Circle,The Crustfather,4.8,(52),From Tk38 with Saver
Gulshan 2 Circle,Azkaban,4.6,(16),From Tk45 with Saver
Gulshan 2 Circle,Salma Bhorta House,,,Tk54
Gulshan 2 Circle,Bhorta class & more,4.8,(10),Tk54
Gulshan 2 Circle,Flavour King,3.7,(24),Tk54
Gulshan 2 Circle,Chokka,,,From Tk34 with Saver
Gulshan 2 Circle,Nastaai,,,Tk54
Gulshan 2 Circle,Cheesy Dreams,,,From Tk45 with Saver
Gulshan 2 Circle,Urban Blend,,,From Tk31 with Saver
Gulshan 2 Circle,Macher Jhol,4,(31),Tk54
Gulshan 2 Circle,Relish and Savour,,,Tk45
Gulshan 2 Circle,Masuda's Kitchen,,,Tk59
Gulshan 2 Circle,Hazrat Shahjalal Chotpoti And Restaurant,,,From Tk38 with Saver
Gulshan 2 Circle,Turn Tables,1.8,(7),From Tk31 with Saver
Gulshan 2 Circle,Bene Bistro,4.3,(100+),From Tk34 with Saver
Gulshan 2 Circle,GreenBean - Banani,2.7,(17),From Tk31 with Saver
Gulshan 2 Circle,Pakka Radhuni,1.4,(7),Tk49
Gulshan 2 Circle,Zenith Bites,,,Tk45
Gulshan 2 Circle,Brew-tea-ful,,,Tk45
Gulshan 2 Circle,Patuk Catering,,,Tk54
Gulshan 2 Circle,Brewnique - Badda,,,Tk49
Gulshan 2 Circle,Shaahi Kitchen,4.9,(40),Tk54
Gulshan 2 Circle,Pani Puri - Gulshan 2,1,(1),Tk40
Gulshan 2 Circle,Aandaaz,4.8,(83),From Tk34 with Saver
Gulshan 2 Circle,Spicy Nation,4.8,(5),Tk54
Gulshan 2 Circle,Lucky Kitchen,,,Tk59
Gulshan 2 Circle,Biriyanir Boithok,3.8,(16),From Tk34 with Saver
Gulshan 2 Circle,Furryghor Cafe,4.6,(6),From Tk45 with Saver
Gulshan 2 Circle,Rice & Salad Bowls,3.7,(35),From Tk31 with Saver
Gulshan 2 Circle,Gulshan Biriyani House,4.3,(24),Tk59
Gulshan 2 Circle,Al Zaatar Bd,,,From Tk59 with Saver
Gulshan 2 Circle,Chabazi - Gulshan,,,From Tk38 with Saver
Gulshan 2 Circle,Marina Cafe & Restaurant,3.9,(6),From Tk38 with Saver
Gulshan 2 Circle,Bismillah Fuchka,,,Tk64
Gulshan 2 Circle,ParkView,4.2,(10),From Tk34 with Saver
Gulshan 2 Circle,Fry Up,,,Tk54
Gulshan 2 Circle,Chino Bakery & Pastry,3.7,(5),From Tk31 with Saver
Gulshan 2 Circle,Pizza Town Gulshan,,,Tk40
Gulshan 2 Circle,ZAFRA BY GLITZ,,,Tk45
Gulshan 2 Circle,BD Five Star (Right Choice Food) Nayanagar,,,From Tk34 with Saver
Gulshan 2 Circle,TaAnas Culinary,,,Tk59
Gulshan 2 Circle,VVIP Jhalmuri - Gulshan,,,From Tk41 with Saver
Gulshan 2 Circle,Taste Of Village,,,Tk54
Gulshan 2 Circle,Super Kitchen,,,Tk54
Gulshan 2 Circle,Fravings,,,Tk59
Gulshan 2 Circle,Fuchka Mama,4.6,(78),Tk40
Gulshan 2 Circle,Thai Momo,4.9,(57),Tk45
Gulshan 2 Circle,Pizzolo Caffe,4.5,(100+),From Tk28 with Saver
Gulshan 2 Circle,Tiffin Hall,3.2,(30),From Tk41 with Saver
Gulshan 2 Circle,Rosemary Restaurant,4.3,(21),From Tk34 with Saver
Gulshan 2 Circle,Bharta Click & More,,,Tk54
Gulshan 2 Circle,Oven,4.6,(12),From Tk34 with Saver
Gulshan 2 Circle,Shimu's Home Kitchen,,,Tk59
Gulshan 2 Circle,Food Palace - Gulshan,4.6,(500+),From Tk41 with Saver
Gulshan 2 Circle,Twist & Taste,3.1,(38),Tk54
Gulshan 2 Circle,Foodie Bhai,3,(7),From Tk28 with Saver
Gulshan 2 Circle,Seyam Biryani House - Mohakhali,3,(25),From Tk41 with Saver
Gulshan 2 Circle,Icon Restaurant,3.7,(5),From Tk45 with Saver
Gulshan 2 Circle,Savoury,5,(19),From Tk34 with Saver
Gulshan 2 Circle,Dreamy Creamy,,,Tk54
Gulshan 2 Circle,Nazira Bazar Reloaded - Gulshan,4.7,(32),From Tk38 with Saver
Gulshan 2 Circle,Ideal Sweets & Bakery- Gudaraghat,,,From Tk38 with Saver
Gulshan 2 Circle,The Tehari Ghor - Mohakhali,4.8,(100+),From Tk38 with Saver
Gulshan 2 Circle,Pagla Baburchi Iftar Mela Gulshan,4.8,(65),From Tk31 with Saver
Gulshan 2 Circle,Chicken King - Badda,3.6,(100+),From Tk34 with Saver
Gulshan 2 Circle,Hazi Kacchi Dine Madani Avenue 100 feet,4.6,(14),From Tk34 with Saver
Gulshan 2 Circle,Trippy - Banani,3.5,(35),Tk54
Gulshan 2 Circle,Bhorta Bari - Gulshan,3.8,(100+),Tk54
Gulshan 2 Circle,Aaznabiz - Badda,3.9,(33),From Tk38 with Saver
Gulshan 2 Circle,BAR-B-Q TONITE (SINCE - 2000),4.7,(100+),From Tk38 with Saver
Gulshan 2 Circle,Moveon Coffee - Dhaka,,,From Tk31 with Saver
